x,y,z,cp
2.488219e-01,1.278603e-02,4.950133e+00,3.286883e-01
2.377735e-01,1.210812e-02,4.950130e+00,3.159516e-01
2.245505e-01,1.052065e-02,4.950126e+00,2.947564e-01
2.089819e-01,7.880372e-03,4.950121e+00,2.636799e-01
1.909824e-01,4.072677e-03,4.950116e+00,2.235332e-01
1.706048e-01,-1.027709e-03,4.950110e+00,1.659209e-01
1.480656e-01,-7.448151e-03,4.950103e+00,8.971087e-02
1.237446e-01,-1.503629e-02,4.950095e+00,-1.722744e-02
9.812597e-02,-2.331605e-02,4.950087e+00,-1.744975e-01
7.165187e-02,-3.111143e-02,4.950079e+00,-3.730274e-01
4.480069e-02,-3.659094e-02,4.950071e+00,-5.028065e-01
1.844082e-02,-3.868297e-02,4.950064e+00,-4.678977e-01
-6.334479e-03,-3.770824e-02,4.950056e+00,-3.089630e-01
-2.875066e-02,-3.477867e-02,4.950050e+00,-1.276552e-01
-4.844592e-02,-3.088391e-02,4.950044e+00,4.509018e-02
-6.533153e-02,-2.653755e-02,4.950039e+00,2.173458e-01
-7.950405e-02,-2.209708e-02,4.950035e+00,3.969568e-01
-9.116227e-02,-1.774404e-02,4.950031e+00,5.890021e-01
-1.005072e-01,-1.346482e-02,4.950028e+00,8.073644e-01
-1.067041e-01,-8.432416e-03,4.950026e+00,9.013244e-01
-1.066019e-01,-2.569773e-03,4.950026e+00,-1.103771e+00
-1.007481e-01,3.130255e-03,4.950028e+00,-8.106068e-01
-9.214868e-02,8.479787e-03,4.950031e+00,-7.849221e-01
-8.103221e-02,1.371844e-02,4.950035e+00,-7.464602e-01
-6.730769e-02,1.889993e-02,4.950039e+00,-7.229386e-01
-5.082497e-02,2.389677e-02,4.950044e+00,-6.933502e-01
-3.155226e-02,2.859681e-02,4.950050e+00,-6.780699e-01
-9.593079e-03,3.271895e-02,4.950057e+00,-6.621575e-01
1.474198e-02,3.595893e-02,4.950064e+00,-6.581917e-01
4.090754e-02,3.780949e-02,4.950071e+00,-6.467672e-01
6.811472e-02,3.739863e-02,4.950079e+00,-5.273525e-01
9.540036e-02,3.473274e-02,4.950087e+00,-3.240572e-01
1.219332e-01,3.115054e-02,4.950095e+00,-1.756246e-01
1.470493e-01,2.773441e-02,4.950103e+00,-9.782376e-02
1.701811e-01,2.468409e-02,4.950110e+00,-5.193909e-02
1.909419e-01,2.200641e-02,4.950116e+00,-2.021579e-02
2.091382e-01,1.960431e-02,4.950121e+00,6.608212e-03
2.247466e-01,1.734009e-02,4.950126e+00,5.305708e-02
2.379001e-01,1.524104e-02,4.950130e+00,1.275471e-01
2.488579e-01,1.358948e-02,4.950133e+00,1.629259e-01
2.564543e-01,1.388498e-02,4.844938e+00,3.814139e-01
2.453449e-01,1.328278e-02,4.844930e+00,3.680079e-01
2.319982e-01,1.176531e-02,4.844920e+00,3.512687e-01
2.162162e-01,9.169139e-03,4.844907e+00,3.231847e-01
1.978858e-01,5.349884e-03,4.844893e+00,2.914951e-01
1.770349e-01,1.485372e-04,4.844877e+00,2.378812e-01
1.538644e-01,-6.492341e-03,4.844858e+00,1.457932e-01
1.287611e-01,-1.444151e-02,4.844838e+00,3.136394e-02
1.022340e-01,-2.321156e-02,4.844817e+00,-1.315900e-01
7.474684e-02,-3.155839e-02,4.844795e+00,-3.550224e-01
4.677906e-02,-3.750463e-02,4.844774e+00,-5.076231e-01
1.925296e-02,-3.985701e-02,4.844753e+00,-4.815215e-01
-6.610681e-03,-3.895549e-02,4.844734e+00,-3.124047e-01
-2.994079e-02,-3.598739e-02,4.844716e+00,-1.211356e-01
-5.034543e-02,-3.199602e-02,4.844700e+00,7.419399e-02
-6.774877e-02,-2.752885e-02,4.844687e+00,2.772764e-01
-8.227935e-02,-2.296440e-02,4.844675e+00,4.669146e-01
-9.417288e-02,-1.849275e-02,4.844666e+00,6.801786e-01
-1.036629e-01,-1.409658e-02,4.844658e+00,8.999753e-01
-1.099415e-01,-8.948080e-03,4.844651e+00,7.178234e-01
-1.098968e-01,-3.072320e-03,4.844651e+00,-1.779856e+00
-1.040938e-01,2.563207e-03,4.844658e+00,-1.163278e+00
-9.551226e-02,7.894833e-03,4.844666e+00,-1.091011e+00
-8.434755e-02,1.316310e-02,4.844676e+00,-1.016447e+00
-7.047474e-02,1.843157e-02,4.844687e+00,-9.513850e-01
-5.370544e-02,2.358671e-02,4.844701e+00,-9.242829e-01
-3.396274e-02,2.851799e-02,4.844716e+00,-8.918459e-01
-1.131516e-02,3.293785e-02,4.844734e+00,-8.521042e-01
1.393771e-02,3.651819e-02,4.844753e+00,-8.432663e-01
4.123201e-02,3.870095e-02,4.844774e+00,-8.286179e-01
6.972916e-02,3.852569e-02,4.844795e+00,-6.903931e-01
9.835397e-02,3.598012e-02,4.844817e+00,-4.497759e-01
1.261291e-01,3.247080e-02,4.844838e+00,-2.773330e-01
1.522968e-01,2.910258e-02,4.844858e+00,-1.715994e-01
1.762560e-01,2.606707e-02,4.844876e+00,-8.850883e-02
1.976264e-01,2.336585e-02,4.844893e+00,-4.300421e-02
2.162451e-01,2.090623e-02,4.844907e+00,-8.300615e-03
2.321275e-01,1.856859e-02,4.844919e+00,5.202579e-02
2.454434e-01,1.639864e-02,4.844930e+00,1.359528e-01
2.564835e-01,1.468244e-02,4.844938e+00,1.662183e-01
2.645953e-01,1.512147e-02,4.728603e+00,3.894358e-01
2.534320e-01,1.459579e-02,4.728592e+00,3.837075e-01
2.399643e-01,1.314833e-02,4.728578e+00,3.726354e-01
2.239649e-01,1.059386e-02,4.728563e+00,3.494386e-01
2.052894e-01,6.755817e-03,4.728544e+00,3.140563e-01
1.839380e-01,1.438724e-03,4.728523e+00,2.620991e-01
1.600943e-01,-5.447336e-03,4.728499e+00,1.878921e-01
1.341523e-01,-1.379404e-02,4.728473e+00,7.654433e-02
1.066477e-01,-2.310166e-02,4.728445e+00,-9.236739e-02
7.806755e-02,-3.205172e-02,4.728417e+00,-3.148674e-01
4.889216e-02,-3.850710e-02,4.728388e+00,-4.701228e-01
2.010292e-02,-4.114160e-02,4.728361e+00,-4.387283e-01
-6.938875e-03,-4.031758e-02,4.728336e+00,-2.643051e-01
-3.125592e-02,-3.730626e-02,4.728313e+00,-5.599723e-02
-5.242335e-02,-3.321005e-02,4.728292e+00,1.478208e-01
-7.037991e-02,-2.861330e-02,4.728275e+00,3.453820e-01
-8.528958e-02,-2.391702e-02,4.728260e+00,5.439014e-01
-9.742888e-02,-1.932009e-02,4.728247e+00,7.466631e-01
-1.070673e-01,-1.480051e-02,4.728237e+00,9.479883e-01
-1.134264e-01,-9.529067e-03,4.728229e+00,5.396896e-01
-1.134454e-01,-3.638659e-03,4.728229e+00,-2.313419e+00
-1.077084e-01,1.931072e-03,4.728238e+00,-1.412807e+00
-9.915879e-02,7.248723e-03,4.728248e+00,-1.246762e+00
-8.795502e-02,1.255546e-02,4.728260e+00,-1.125880e+00
-7.393494e-02,1.792522e-02,4.728275e+00,-1.058753e+00
-5.686785e-02,2.325918e-02,4.728293e+00,-1.004245e+00
-3.662690e-02,2.844792e-02,4.728313e+00,-9.711192e-01
-1.324161e-02,3.319615e-02,4.728336e+00,-9.451876e-01
1.300094e-02,3.714931e-02,4.728361e+00,-9.391404e-01
4.151694e-02,3.969366e-02,4.728389e+00,-9.271012e-01
7.141333e-02,3.977217e-02,4.728417e+00,-7.795761e-01
1.014915e-01,3.735337e-02,4.728445e+00,-5.257306e-01
1.306133e-01,3.392026e-02,4.728473e+00,-3.300324e-01
1.579176e-01,3.060345e-02,4.728499e+00,-2.113531e-01
1.827668e-01,2.758578e-02,4.728523e+00,-1.338265e-01
2.047881e-01,2.486264e-02,4.728544e+00,-7.875746e-02
2.238531e-01,2.234542e-02,4.728562e+00,-2.441690e-02
2.400200e-01,1.993367e-02,4.728578e+00,4.833377e-02
2.534996e-01,1.769274e-02,4.728592e+00,1.396677e-01
2.646171e-01,1.591227e-02,4.728603e+00,1.818593e-01
2.734253e-01,1.655307e-02,4.600835e+00,4.078860e-01
2.622096e-01,1.610123e-02,4.600824e+00,3.921935e-01
2.486167e-01,1.471984e-02,4.600812e+00,3.767146e-01
2.323869e-01,1.220039e-02,4.600796e+00,3.657903e-01
2.133417e-01,8.331773e-03,4.600778e+00,3.401745e-01
1.914503e-01,2.879493e-03,4.600758e+00,2.917493e-01
1.668770e-01,-4.281102e-03,4.600735e+00,2.208015e-01
1.400234e-01,-1.306630e-02,4.600709e+00,1.136746e-01
1.114546e-01,-2.296298e-02,4.600682e+00,-5.595780e-02
8.168325e-02,-3.257201e-02,4.600654e+00,-2.737830e-01
5.119058e-02,-3.958249e-02,4.600627e+00,-4.282500e-01
2.102315e-02,-4.252402e-02,4.600600e+00,-4.106958e-01
-7.303446e-03,-4.178484e-02,4.600575e+00,-2.328980e-01
-3.269534e-02,-3.872873e-02,4.600553e+00,-1.294080e-02
-5.469175e-02,-3.452277e-02,4.600533e+00,1.910226e-01
-7.324762e-02,-2.979108e-02,4.600516e+00,3.881991e-01
-8.856610e-02,-2.495853e-02,4.600502e+00,5.863142e-01
-1.009686e-01,-2.023282e-02,4.600490e+00,7.919505e-01
-1.107641e-01,-1.558629e-02,4.600480e+00,9.766588e-01
-1.172068e-01,-1.018747e-02,4.600472e+00,3.584917e-01
-1.172960e-01,-4.280768e-03,4.600473e+00,-2.812915e+00
-1.116363e-01,1.224515e-03,4.600481e+00,-1.644305e+00
-1.031273e-01,6.535281e-03,4.600490e+00,-1.404582e+00
-9.188723e-02,1.189297e-02,4.600502e+00,-1.247845e+00
-7.771278e-02,1.738227e-02,4.600517e+00,-1.154254e+00
-6.032673e-02,2.291977e-02,4.600534e+00,-1.075545e+00
-3.954720e-02,2.839640e-02,4.600553e+00,-1.038327e+00
-1.536064e-02,3.350772e-02,4.600576e+00,-1.026786e+00
1.195979e-02,3.786992e-02,4.600600e+00,-1.014525e+00
4.180842e-02,4.080860e-02,4.600627e+00,-9.886672e-01
7.323238e-02,4.116194e-02,4.600655e+00,-8.346679e-01
1.048975e-01,3.887911e-02,4.600682e+00,-5.700854e-01
1.354886e-01,3.552856e-02,4.600709e+00,-3.646097e-01
1.640315e-01,3.227020e-02,4.600735e+00,-2.414385e-01
1.898483e-01,2.927741e-02,4.600758e+00,-1.610124e-01
2.125749e-01,2.653827e-02,4.600778e+00,-9.831990e-02
2.321207e-01,2.396771e-02,4.600796e+00,-4.505271e-02
2.485915e-01,2.148537e-02,4.600811e+00,2.126797e-02
2.622431e-01,1.917732e-02,4.600824e+00,1.307545e-01
2.734390e-01,1.733655e-02,4.600835e+00,1.974017e-01
2.832371e-01,1.816315e-02,4.461579e+00,4.152354e-01
2.719599e-01,1.778082e-02,4.461571e+00,4.098700e-01
2.582250e-01,1.645999e-02,4.461562e+00,4.025035e-01
2.417367e-01,1.396751e-02,4.461552e+00,3.845354e-01
2.222787e-01,1.005566e-02,4.461539e+00,3.546464e-01
1.997865e-01,4.448544e-03,4.461524e+00,3.083527e-01
1.744030e-01,-3.015253e-03,4.461508e+00,2.400662e-01
1.465383e-01,-1.227823e-02,4.461489e+00,1.356361e-01
1.167898e-01,-2.281289e-02,4.461470e+00,-2.619763e-02
8.569927e-02,-3.313346e-02,4.461450e+00,-2.447021e-01
5.374998e-02,-4.074165e-02,4.461430e+00,-3.967819e-01
2.206076e-02,-4.401205e-02,4.461411e+00,-3.583490e-01
-7.683754e-03,-4.336264e-02,4.461393e+00,-1.819563e-01
-3.426215e-02,-4.025870e-02,4.461377e+00,2.872648e-02
-5.717439e-02,-3.593753e-02,4.461363e+00,2.353382e-01
-7.639328e-02,-3.106576e-02,4.461351e+00,4.378239e-01
-9.216499e-02,-2.609320e-02,4.461340e+00,6.378086e-01
-1.048603e-01,-2.123630e-02,4.461332e+00,8.333862e-01
-1.148314e-01,-1.646045e-02,4.461325e+00,9.934465e-01
-1.213685e-01,-1.093100e-02,4.461320e+00,1.754613e-01
-1.215340e-01,-5.006313e-03,4.461320e+00,-3.292288e+00
-1.159552e-01,4.370953e-04,4.461325e+00,-1.814002e+00
-1.074859e-01,5.749324e-03,4.461332e+00,-1.515944e+00
-9.620016e-02,1.117158e-02,4.461341e+00,-1.327380e+00
-8.184966e-02,1.679956e-02,4.461351e+00,-1.213931e+00
-6.410602e-02,2.256568e-02,4.461363e+00,-1.128560e+00
-4.272706e-02,2.836029e-02,4.461377e+00,-1.081783e+00
-1.765216e-02,3.386816e-02,4.461393e+00,-1.050176e+00
1.086061e-02,3.867340e-02,4.461411e+00,-1.043639e+00
4.218126e-02,4.203614e-02,4.461430e+00,-1.034458e+00
7.529081e-02,4.268189e-02,4.461450e+00,-8.766752e-01
1.087062e-01,4.054076e-02,4.461470e+00,-6.067472e-01
1.409184e-01,3.727628e-02,4.461489e+00,-4.004352e-01
1.708286e-01,3.408151e-02,4.461508e+00,-2.762980e-01
1.977149e-01,3.111981e-02,4.461524e+00,-1.924602e-01
2.212224e-01,2.837069e-02,4.461539e+00,-1.275597e-01
2.413020e-01,2.575191e-02,4.461551e+00,-6.262292e-02
2.581116e-01,2.320382e-02,4.461562e+00,2.022380e-02
2.719565e-01,2.083409e-02,4.461571e+00,1.271432e-01
2.832419e-01,1.893860e-02,4.461579e+00,1.825077e-01
2.938360e-01,1.999876e-02,4.311019e+00,4.273062e-01
2.824953e-01,1.967778e-02,4.311018e+00,4.223293e-01
2.686097e-01,1.840784e-02,4.311016e+00,4.110305e-01
2.518445e-01,1.592993e-02,4.311014e+00,3.972641e-01
2.319423e-01,1.195787e-02,4.311012e+00,3.641811e-01
2.088017e-01,6.172357e-03,4.311010e+00,3.240797e-01
1.825420e-01,-1.626524e-03,4.311007e+00,2.657523e-01
1.535824e-01,-1.140887e-02,4.311004e+00,1.571592e-01
1.225554e-01,-2.263184e-02,4.311001e+00,-1.126275e-02
9.003456e-02,-3.371732e-02,4.310997e+00,-2.223935e-01
5.650639e-02,-4.196667e-02,4.310994e+00,-3.729275e-01
2.316846e-02,-4.558920e-02,4.310991e+00,-3.344070e-01
-8.111291e-03,-4.503671e-02,4.310988e+00,-1.475559e-01
-3.597342e-02,-4.188486e-02,4.310985e+00,6.387469e-02
-5.987553e-02,-3.744652e-02,4.310983e+00,2.732064e-01
-7.981003e-02,-3.243330e-02,4.310981e+00,4.689333e-01
-9.606991e-02,-2.732083e-02,4.310979e+00,6.652141e-01
-1.090796e-01,-2.233395e-02,4.310978e+00,8.660583e-01
-1.192384e-01,-1.742979e-02,4.310976e+00,1.001232e+00
-1.258756e-01,-1.176937e-02,4.310975e+00,-1.300568e-02
-1.261236e-01,-5.824958e-03,4.310975e+00,-3.783382e+00
-1.206341e-01,-4.379526e-04,4.310976e+00,-2.000009e+00
-1.122098e-01,4.887257e-03,4.310978e+00,-1.635782e+00
-1.008767e-01,1.039106e-02,4.310979e+00,-1.442420e+00
-8.633753e-02,1.618025e-02,4.310981e+00,-1.294319e+00
-6.820836e-02,2.220331e-02,4.310983e+00,-1.180264e+00
-4.618148e-02,2.834883e-02,4.310985e+00,-1.126090e+00
-2.014511e-02,3.428904e-02,4.310988e+00,-1.088380e+00
9.659031e-03,3.957301e-02,4.310991e+00,-1.089280e+00
4.257449e-02,4.339081e-02,4.310994e+00,-1.094127e+00
7.751028e-02,4.434782e-02,4.310997e+00,-9.186672e-01
1.128217e-01,4.235574e-02,4.311001e+00,-6.320605e-01
1.467894e-01,3.918301e-02,4.311004e+00,-4.228325e-01
1.781797e-01,3.605987e-02,4.311007e+00,-2.931271e-01
2.062224e-01,3.313904e-02,4.311010e+00,-2.201243e-01
2.305731e-01,3.039010e-02,4.311012e+00,-1.506664e-01
2.512278e-01,2.773262e-02,4.311014e+00,-7.291100e-02
2.684010e-01,2.512806e-02,4.311016e+00,7.318467e-03
2.824518e-01,2.270629e-02,4.311018e+00,1.240988e-01
2.938311e-01,2.076550e-02,4.311019e+00,1.809384e-01
3.051420e-01,2.206358e-02,4.149662e+00,4.324815e-01
2.937387e-01,2.179326e-02,4.149670e+00,4.277881e-01
2.796975e-01,2.056197e-02,4.149679e+00,4.237775e-01
2.626417e-01,1.808393e-02,4.149691e+00,4.096391e-01
2.422695e-01,1.403305e-02,4.149705e+00,3.779943e-01
2.184393e-01,8.045016e-03,4.149721e+00,3.383550e-01
1.912451e-01,-1.199548e-04,4.149739e+00,2.809616e-01
1.611153e-01,-1.046071e-02,4.149760e+00,1.801606e-01
1.287204e-01,-2.241824e-02,4.149782e+00,1.984196e-02
9.466811e-02,-3.431704e-02,4.149806e+00,-1.944488e-01
5.944910e-02,-4.324629e-02,4.149829e+00,-3.447110e-01
2.434599e-02,-4.724087e-02,4.149851e+00,-2.985897e-01
-8.576457e-03,-4.679077e-02,4.149871e+00,-1.131062e-01
-3.781077e-02,-4.359068e-02,4.149889e+00,9.938210e-02
-6.276935e-02,-3.903406e-02,4.149905e+00,3.073928e-01
-8.346591e-02,-3.387964e-02,4.149918e+00,5.140492e-01
-1.002440e-01,-2.862944e-02,4.149929e+00,7.124655e-01
-1.135858e-01,-2.351604e-02,4.149939e+00,8.947120e-01
-1.239412e-01,-1.848687e-02,4.149946e+00,1.001497e+00
-1.306818e-01,-1.269729e-02,4.149952e+00,-2.141174e-01
-1.310183e-01,-6.731423e-03,4.149951e+00,-4.293620e+00
-1.256284e-01,-1.393413e-03,4.149946e+00,-2.217174e+00
-1.172567e-01,3.958093e-03,4.149938e+00,-1.772838e+00
-1.058775e-01,9.561960e-03,4.149929e+00,-1.489017e+00
-9.114092e-02,1.553592e-02,4.149918e+00,-1.337116e+00
-7.260326e-02,2.184451e-02,4.149905e+00,-1.230909e+00
-4.988623e-02,2.837314e-02,4.149889e+00,-1.164502e+00
-2.282294e-02,3.477954e-02,4.149871e+00,-1.126477e+00
8.362584e-03,4.057496e-02,4.149850e+00,-1.113138e+00
4.298538e-02,4.487515e-02,4.149828e+00,-1.095651e+00
7.987693e-02,4.615867e-02,4.149805e+00,-9.330915e-01
1.172187e-01,4.432013e-02,4.149782e+00,-6.558871e-01
1.530655e-01,4.124277e-02,4.149760e+00,-4.413477e-01
1.860384e-01,3.819824e-02,4.149740e+00,-3.144851e-01
2.153161e-01,3.532819e-02,4.149721e+00,-2.263835e-01
2.405650e-01,3.259074e-02,4.149705e+00,-1.563747e-01
2.618300e-01,2.990607e-02,4.149691e+00,-8.712855e-02
2.793867e-01,2.725673e-02,4.149679e+00,3.658316e-03
2.936523e-01,2.479511e-02,4.149670e+00,1.150778e-01
3.051268e-01,2.282094e-02,4.149662e+00,1.746957e-01
3.171161e-01,2.436526e-02,3.978357e+00,4.430733e-01
3.056511e-01,2.413149e-02,3.978377e+00,4.394498e-01
2.914495e-01,2.292298e-02,3.978401e+00,4.206222e-01
2.740900e-01,2.042656e-02,3.978430e+00,3.905070e-01
2.532232e-01,1.627514e-02,3.978465e+00,3.836322e-01
2.286642e-01,1.005827e-02,3.978506e+00,3.442141e-01
2.004798e-01,1.495407e-03,3.978554e+00,2.790109e-01
1.691080e-01,-9.441908e-03,3.978607e+00,1.729572e-01
1.352595e-01,-2.217779e-02,3.978664e+00,2.440637e-02
9.957908e-02,-3.493494e-02,3.978723e+00,-1.699718e-01
6.256254e-02,-4.458004e-02,3.978783e+00,-3.207268e-01
2.558366e-02,-4.896566e-02,3.978839e+00,-2.698618e-01
-9.083264e-03,-4.862439e-02,3.978892e+00,-8.339915e-02
-3.977344e-02,-4.537802e-02,3.978938e+00,1.267866e-01
-6.585141e-02,-4.070517e-02,3.978978e+00,3.345089e-01
-8.735388e-02,-3.541339e-02,3.979012e+00,5.405674e-01
-1.046784e-01,-3.003125e-02,3.979040e+00,7.366418e-01
-1.183690e-01,-2.479834e-02,3.979063e+00,9.180233e-01
-1.289295e-01,-1.965076e-02,3.979082e+00,9.944996e-01
-1.357765e-01,-1.373680e-02,3.979096e+00,-4.233666e-01
-1.362069e-01,-7.747803e-03,3.979096e+00,-4.804192e+00
-1.309260e-01,-2.448758e-03,3.979081e+00,-2.393152e+00
-1.226137e-01,2.944873e-03,3.979062e+00,-1.906910e+00
-1.111893e-01,8.669636e-03,3.979039e+00,-1.600516e+00
-9.624672e-02,1.485389e-02,3.979011e+00,-1.414353e+00
-7.727837e-02,2.147792e-02,3.978978e+00,-1.292105e+00
-5.383070e-02,2.842234e-02,3.978937e+00,-1.213313e+00
-2.567801e-02,3.532839e-02,3.978891e+00,-1.158489e+00
6.974612e-03,4.166676e-02,3.978839e+00,-1.139859e+00
4.341171e-02,4.647514e-02,3.978782e+00,-1.125567e+00
8.238187e-02,4.809950e-02,3.978723e+00,-9.447414e-01
1.218813e-01,4.641905e-02,3.978664e+00,-6.764620e-01
1.597240e-01,4.344156e-02,3.978607e+00,-4.809098e-01
1.943769e-01,4.048424e-02,3.978554e+00,-3.503046e-01
2.249637e-01,3.767730e-02,3.978507e+00,-2.558342e-01
2.511628e-01,3.496584e-02,3.978465e+00,-1.880335e-01
2.730714e-01,3.226915e-02,3.978430e+00,-1.352108e-01
2.910304e-01,2.959054e-02,3.978401e+00,-1.729731e-02
3.055192e-01,2.710491e-02,3.978377e+00,1.180749e-01
3.170900e-01,2.511262e-02,3.978357e+00,1.775479e-01
3.297053e-01,2.697522e-02,3.798305e+00,4.491867e-01
3.181795e-01,2.675878e-02,3.798338e+00,4.244744e-01
3.038137e-01,2.555145e-02,3.798379e+00,4.208464e-01
2.861389e-01,2.301227e-02,3.798430e+00,4.035961e-01
2.647552e-01,1.873251e-02,3.798490e+00,3.945783e-01
2.394321e-01,1.225495e-02,3.798562e+00,3.722319e-01
2.102069e-01,3.257859e-03,3.798645e+00,3.021740e-01
1.775277e-01,-8.317282e-03,3.798738e+00,2.062858e-01
1.421475e-01,-2.187694e-02,3.798839e+00,5.746725e-02
1.047507e-01,-3.553842e-02,3.798945e+00,-1.541897e-01
6.583960e-02,-4.593710e-02,3.799050e+00,-2.951029e-01
2.688473e-02,-5.073675e-02,3.799150e+00,-2.456853e-01
-9.618667e-03,-5.051665e-02,3.799242e+00,-6.717483e-02
-4.184014e-02,-4.723290e-02,3.799324e+00,1.553607e-01
-6.909408e-02,-4.245307e-02,3.799394e+00,3.771869e-01
-9.144170e-02,-3.703474e-02,3.799453e+00,5.774325e-01
-1.093379e-01,-3.153293e-02,3.799502e+00,7.700014e-01
-1.233918e-01,-2.619324e-02,3.799541e+00,9.428761e-01
-1.341646e-01,-2.093895e-02,3.799572e+00,9.790765e-01
-1.411205e-01,-1.490982e-02,3.799597e+00,-6.730982e-01
-1.416497e-01,-8.896092e-03,3.799596e+00,-5.425816e+00
-1.364864e-01,-3.622061e-03,3.799571e+00,-2.578022e+00
-1.282396e-01,1.833522e-03,3.799539e+00,-2.007149e+00
-1.167707e-01,7.704103e-03,3.799500e+00,-1.664971e+00
-1.016142e-01,1.412823e-02,3.799452e+00,-1.488387e+00
-8.219493e-02,2.110141e-02,3.799393e+00,-1.343132e+00
-5.797979e-02,2.849780e-02,3.799322e+00,-1.241409e+00
-2.868088e-02,3.594006e-02,3.799241e+00,-1.199062e+00
5.516662e-03,4.285576e-02,3.799149e+00,-1.176195e+00
4.386507e-02,4.820125e-02,3.799049e+00,-1.147312e+00
8.502509e-02,5.018514e-02,3.798944e+00,-9.654277e-01
1.267972e-01,4.867313e-02,3.798839e+00,-6.721207e-01
1.667416e-01,4.580635e-02,3.798739e+00,-4.622776e-01
2.031622e-01,4.295148e-02,3.798646e+00,-3.344901e-01
2.351249e-01,4.022682e-02,3.798563e+00,-2.372096e-01
2.623209e-01,3.756279e-02,3.798491e+00,-1.891367e-01
2.849028e-01,3.487611e-02,3.798430e+00,-1.337909e-01
3.032808e-01,3.219019e-02,3.798380e+00,-2.964762e-02
3.179998e-01,2.970215e-02,3.798338e+00,9.107121e-02
3.296677e-01,2.771201e-02,3.798305e+00,1.785142e-01
3.425854e-01,2.986453e-02,3.611020e+00,4.502151e-01
3.310084e-01,2.964515e-02,3.611069e+00,4.465522e-01
3.164856e-01,2.841662e-02,3.611129e+00,4.457615e-01
2.984985e-01,2.581011e-02,3.611204e+00,4.333084e-01
2.765943e-01,2.137513e-02,3.611295e+00,4.193460e-01
2.504947e-01,1.460765e-02,3.611402e+00,3.810407e-01
2.202061e-01,5.144847e-03,3.611528e+00,3.159872e-01
1.861864e-01,-7.102030e-03,3.611669e+00,2.231863e-01
1.492323e-01,-2.152129e-02,3.611823e+00,6.982547e-02
1.100694e-01,-3.612230e-02,3.611984e+00,-1.536254e-01
6.920641e-02,-4.730276e-02,3.612144e+00,-2.921022e-01
2.821482e-02,-5.253305e-02,3.612297e+00,-2.036105e-01
-1.018049e-02,-5.244320e-02,3.612437e+00,-4.550110e-03
-4.397703e-02,-4.912975e-02,3.612561e+00,2.036907e-01
-7.243739e-02,-4.425226e-02,3.612667e+00,4.098889e-01
-9.564861e-02,-3.871903e-02,3.612755e+00,6.023539e-01
-1.141254e-01,-3.311099e-02,3.612827e+00,7.921663e-01
-1.285450e-01,-2.767863e-02,3.612886e+00,9.604469e-01
-1.395280e-01,-2.233087e-02,3.612932e+00,9.567374e-01
-1.465884e-01,-1.619738e-02,3.612968e+00,-8.754632e-01
-1.472206e-01,-1.015749e-02,3.612967e+00,-5.905025e+00
-1.421885e-01,-4.893664e-03,3.612930e+00,-2.777176e+00
-1.340203e-01,6.437765e-04,3.612884e+00,-2.207242e+00
-1.225173e-01,6.684322e-03,3.612825e+00,-1.794632e+00
-1.071521e-01,1.337604e-02,3.612753e+00,-1.530520e+00
-8.727917e-02,2.072890e-02,3.612665e+00,-1.381526e+00
-6.228237e-02,2.860879e-02,3.612559e+00,-1.285759e+00
-3.180879e-02,3.661772e-02,3.612435e+00,-1.232281e+00
3.977500e-03,4.413799e-02,3.612295e+00,-1.217994e+00
4.429535e-02,5.004211e-02,3.612143e+00,-1.183481e+00
8.771425e-02,5.239800e-02,3.611983e+00,-9.760740e-01
1.318311e-01,5.106023e-02,3.611823e+00,-6.762542e-01
1.739421e-01,4.831144e-02,3.611669e+00,-4.587731e-01
2.121819e-01,4.557142e-02,3.611528e+00,-3.300078e-01
2.455566e-01,4.294636e-02,3.611403e+00,-2.463139e-01
2.737711e-01,4.035038e-02,3.611295e+00,-1.681358e-01
2.970363e-01,3.769581e-02,3.611205e+00,-8.738970e-02
3.158345e-01,3.502515e-02,3.611130e+00,2.469427e-05
3.307791e-01,3.255711e-02,3.611069e+00,1.157394e-01
3.425359e-01,3.059026e-02,3.611020e+00,1.783257e-01
3.558476e-01,3.327301e-02,3.418349e+00,4.393581e-01
3.442217e-01,3.302039e-02,3.418414e+00,4.380122e-01
3.295410e-01,3.173604e-02,3.418495e+00,4.347187e-01
3.112356e-01,2.902319e-02,3.418595e+00,4.345364e-01
2.887979e-01,2.438952e-02,3.418718e+00,4.191775e-01
2.618998e-01,1.728441e-02,3.418865e+00,3.812762e-01
2.305151e-01,7.304418e-03,3.419037e+00,3.253747e-01
1.951116e-01,-5.668936e-03,3.419232e+00,2.329529e-01
1.565316e-01,-2.100480e-02,3.419445e+00,8.405169e-02
1.155434e-01,-3.660213e-02,3.419668e+00,-1.197403e-01
7.266386e-02,-4.861560e-02,3.419890e+00,-2.546776e-01
2.956941e-02,-5.431827e-02,3.420103e+00,-1.827217e-01
-1.077792e-02,-5.439348e-02,3.420297e+00,1.774349e-02
-4.619823e-02,-5.108234e-02,3.420467e+00,2.355890e-01
-7.590090e-02,-4.613823e-02,3.420612e+00,4.449169e-01
-9.999999e-02,-4.052036e-02,3.420732e+00,6.454029e-01
-1.190723e-01,-3.483506e-02,3.420830e+00,8.288703e-01
-1.338656e-01,-2.933684e-02,3.420908e+00,9.743092e-01
-1.450621e-01,-2.391923e-02,3.420970e+00,9.284113e-01
-1.522272e-01,-1.770061e-02,3.421018e+00,-1.118763e+00
-1.529654e-01,-1.163321e-02,3.421017e+00,-6.435606e+00
-1.480709e-01,-6.357082e-03,3.420968e+00,-3.007300e+00
-1.399865e-01,-7.091330e-04,3.420906e+00,-2.304846e+00
-1.284508e-01,5.535708e-03,3.420827e+00,-1.864780e+00
-1.128726e-01,1.253466e-02,3.420729e+00,-1.603734e+00
-9.253345e-02,2.031154e-02,3.420609e+00,-1.439272e+00
-6.673122e-02,2.872248e-02,3.420464e+00,-1.330742e+00
-3.504577e-02,3.734704e-02,3.420294e+00,-1.254429e+00
2.380651e-03,4.552016e-02,3.420101e+00,-1.219640e+00
4.473211e-02,5.202824e-02,3.419889e+00,-1.189090e+00
9.048332e-02,5.479550e-02,3.419667e+00,-9.843372e-01
1.370205e-01,5.366667e-02,3.419445e+00,-6.795831e-01
1.813673e-01,5.107142e-02,3.419233e+00,-4.639409e-01
2.214832e-01,4.848484e-02,3.419038e+00,-3.353660e-01
2.563126e-01,4.600019e-02,3.418866e+00,-2.455333e-01
2.855748e-01,4.351352e-02,3.418719e+00,-1.732677e-01
3.095408e-01,4.093099e-02,3.418596e+00,-1.070155e-01
3.287683e-01,3.831316e-02,3.418496e+00,-1.703718e-02
3.439414e-01,3.589981e-02,3.418414e+00,1.064322e-01
3.557859e-01,3.398729e-02,3.418349e+00,1.685317e-01
3.694383e-01,3.737718e-02,3.222363e+00,4.588156e-01
3.577637e-01,3.705446e-02,3.222443e+00,4.481579e-01
3.429226e-01,3.567152e-02,3.222544e+00,4.542814e-01
3.242923e-01,3.280346e-02,3.222670e+00,4.365524e-01
3.013089e-01,2.791616e-02,3.222826e+00,4.153991e-01
2.735924e-01,2.041279e-02,3.223013e+00,3.881412e-01
2.410836e-01,9.850147e-03,3.223234e+00,3.390551e-01
2.042600e-01,-3.919032e-03,3.223485e+00,2.530672e-01
1.640104e-01,-2.024335e-02,3.223761e+00,9.015086e-02
1.211480e-01,-3.690903e-02,3.224050e+00,-1.347214e-01
7.619958e-02,-4.982369e-02,3.224339e+00,-2.713524e-01
3.094972e-02,-5.606009e-02,3.224614e+00,-1.726040e-01
-1.139693e-02,-5.635579e-02,3.224865e+00,3.956665e-02
-4.847947e-02,-5.309843e-02,3.225084e+00,2.587673e-01
-7.945309e-02,-4.813585e-02,3.225270e+00,4.848946e-01
-1.044598e-01,-4.247794e-02,3.225423e+00,6.817466e-01
-1.241402e-01,-3.675596e-02,3.225546e+00,8.576745e-01
-1.393144e-01,-3.122792e-02,3.225645e+00,9.861385e-01
-1.507277e-01,-2.577151e-02,3.225722e+00,8.941539e-01
-1.579987e-01,-1.949296e-02,3.225781e+00,-1.396450e+00
-1.588447e-01,-1.339689e-02,3.225780e+00,-7.064148e+00
-1.540910e-01,-8.080876e-03,3.225719e+00,-3.201884e+00
-1.460919e-01,-2.288235e-03,3.225642e+00,-2.418787e+00
-1.345222e-01,4.201626e-03,3.225543e+00,-1.955466e+00
-1.187251e-01,1.155499e-02,3.225419e+00,-1.672602e+00
-9.790714e-02,1.980920e-02,3.225266e+00,-1.500902e+00
-7.127835e-02,2.880949e-02,3.225081e+00,-1.387931e+00
-3.834966e-02,3.811155e-02,3.224861e+00,-1.309608e+00
7.587945e-04,4.700117e-02,3.224611e+00,-1.302788e+00
4.519515e-02,5.417664e-02,3.224337e+00,-1.258915e+00
9.333644e-02,5.741599e-02,3.224049e+00,-9.896391e-01
1.423531e-01,5.655432e-02,3.223761e+00,-6.658182e-01
1.889897e-01,5.417106e-02,3.223486e+00,-4.370371e-01
2.310266e-01,5.179717e-02,3.223235e+00,-3.004779e-01
2.673449e-01,4.951173e-02,3.223015e+00,-2.415262e-01
2.976788e-01,4.719097e-02,3.222827e+00,-1.828742e-01
3.223610e-01,4.473323e-02,3.222672e+00,-1.034547e-01
3.420262e-01,4.221627e-02,3.222545e+00,1.299295e-02
3.574315e-01,3.990048e-02,3.222444e+00,1.345105e-01
3.693642e-01,3.807970e-02,3.222363e+00,1.967046e-01
3.829624e-01,4.236172e-02,3.025257e+00,4.582222e-01
3.712483e-01,4.192667e-02,3.025352e+00,4.562175e-01
3.562566e-01,4.039521e-02,3.025473e+00,4.623284e-01
3.373113e-01,3.731377e-02,3.025624e+00,4.409881e-01
3.137915e-01,3.210634e-02,3.025811e+00,4.069038e-01
2.852652e-01,2.413022e-02,3.026039e+00,3.829235e-01
2.516386e-01,1.290335e-02,3.026309e+00,3.210787e-01
2.133991e-01,-1.748903e-03,3.026618e+00,2.124372e-01
1.714821e-01,-1.915268e-02,3.026958e+00,7.106625e-02
1.267458e-01,-3.697904e-02,3.027316e+00,-1.200610e-01
7.972729e-02,-5.088537e-02,3.027673e+00,-2.355639e-01
3.232046e-02,-5.774143e-02,3.028013e+00,-1.414001e-01
-1.202591e-02,-5.833789e-02,3.028323e+00,7.010632e-02
-5.076885e-02,-5.520835e-02,3.028592e+00,2.922917e-01
-8.300937e-02,-5.029451e-02,3.028819e+00,4.985940e-01
-1.089179e-01,-4.465644e-02,3.029005e+00,6.979567e-01
-1.291995e-01,-3.895010e-02,3.029154e+00,8.758478e-01
-1.447474e-01,-3.343713e-02,3.029272e+00,9.928152e-01
-1.563706e-01,-2.797968e-02,3.029364e+00,8.621961e-01
-1.637411e-01,-2.167161e-02,3.029434e+00,-1.601510e+00
-1.646958e-01,-1.554593e-02,3.029432e+00,-7.328361e+00
-1.600908e-01,-1.015825e-02,3.029360e+00,-3.461587e+00
-1.521858e-01,-4.182011e-03,3.029268e+00,-2.585315e+00
-1.405912e-01,2.599396e-03,3.029150e+00,-2.084832e+00
-1.245842e-01,1.036175e-02,3.029000e+00,-1.782925e+00
-1.032957e-01,1.915605e-02,3.028815e+00,-1.567792e+00
-7.584688e-02,2.881627e-02,3.028588e+00,-1.431080e+00
-4.167914e-02,3.887326e-02,3.028319e+00,-1.338880e+00
-8.900479e-04,4.856225e-02,3.028011e+00,-1.280761e+00
4.563238e-02,5.649157e-02,3.027671e+00,-1.225793e+00
9.616677e-02,6.029072e-02,3.027315e+00,-1.014866e+00
1.476661e-01,5.978356e-02,3.026958e+00,-6.959025e-01
1.965940e-01,5.769853e-02,3.026619e+00,-4.699302e-01
2.405506e-01,5.562098e-02,3.026311e+00,-3.280246e-01
2.783536e-01,5.361395e-02,3.026041e+00,-2.212074e-01
3.097523e-01,5.153218e-02,3.025813e+00,-1.613295e-01
3.351423e-01,4.926504e-02,3.025626e+00,-8.345249e-02
3.552359e-01,4.690689e-02,3.025474e+00,1.027401e-02
3.708640e-01,4.473878e-02,3.025353e+00,1.341225e-01
3.828758e-01,4.305231e-02,3.025258e+00,1.964745e-01
3.962453e-01,4.868161e-02,2.829310e+00,4.414280e-01
3.845011e-01,4.808079e-02,2.829417e+00,4.294042e-01
3.693704e-01,4.633579e-02,2.829555e+00,4.248080e-01
3.501239e-01,4.296308e-02,2.829729e+00,4.228304e-01
3.260840e-01,3.734378e-02,2.829946e+00,4.090853e-01
2.967663e-01,2.878911e-02,2.830211e+00,3.779973e-01
2.620427e-01,1.677884e-02,2.830528e+00,3.197023e-01
2.224098e-01,1.112911e-03,2.830893e+00,2.364379e-01
1.788489e-01,-1.750919e-02,2.831295e+00,1.056877e-01
1.322632e-01,-3.663937e-02,2.831720e+00,-8.629574e-02
8.319992e-02,-5.168080e-02,2.832144e+00,-2.117210e-01
3.366177e-02,-5.929616e-02,2.832548e+00,-1.118187e-01
-1.265970e-02,-6.032457e-02,2.832913e+00,1.043837e-01
-5.304060e-02,-5.744163e-02,2.833231e+00,3.225496e-01
-8.652832e-02,-5.268080e-02,2.833497e+00,5.411061e-01
-1.133218e-01,-4.715184e-02,2.833713e+00,7.352426e-01
-1.341905e-01,-4.153605e-02,2.833885e+00,8.933264e-01
-1.501005e-01,-3.610001e-02,2.834021e+00,9.966269e-01
-1.619240e-01,-3.069207e-02,2.834126e+00,8.075101e-01
-1.693865e-01,-2.439445e-02,2.834205e+00,-1.848527e+00
-1.704495e-01,-1.823836e-02,2.834203e+00,-7.705381e+00
-1.659994e-01,-1.273857e-02,2.834122e+00,-3.677526e+00
-1.581962e-01,-6.529105e-03,2.834017e+00,-2.735837e+00
-1.465865e-01,6.042705e-04,2.833881e+00,-2.147868e+00
-1.303814e-01,8.848345e-03,2.833708e+00,-1.817996e+00
-1.086368e-01,1.826904e-02,2.833492e+00,-1.606839e+00
-8.038517e-02,2.868984e-02,2.833226e+00,-1.459944e+00
-4.499836e-02,3.961668e-02,2.832909e+00,-1.353285e+00
-2.551379e-03,5.023304e-02,2.832544e+00,-1.299006e+00
4.603195e-02,5.905468e-02,2.832142e+00,-1.236213e+00
9.893235e-02,6.355901e-02,2.831719e+00,-9.858913e-01
1.528865e-01,6.355355e-02,2.831296e+00,-6.530726e-01
2.040787e-01,6.190959e-02,2.830894e+00,-4.326583e-01
2.499297e-01,6.026197e-02,2.830530e+00,-3.026040e-01
2.891945e-01,5.865455e-02,2.830214e+00,-2.032808e-01
3.216381e-01,5.691887e-02,2.829948e+00,-1.228269e-01
3.477186e-01,5.493486e-02,2.829731e+00,-5.334999e-02
3.682262e-01,5.281392e-02,2.829556e+00,2.282806e-03
3.840651e-01,5.085874e-02,2.829418e+00,1.182359e-01
3.961462e-01,4.936019e-02,2.829310e+00,2.056998e-01
4.090774e-01,5.617756e-02,2.636727e+00,4.430380e-01
3.973142e-01,5.536652e-02,2.636845e+00,4.467165e-01
3.820593e-01,5.335330e-02,2.636997e+00,4.121823e-01
3.625313e-01,4.962316e-02,2.637190e+00,3.839422e-01
3.379966e-01,4.351357e-02,2.637433e+00,3.739342e-01
3.079193e-01,3.428947e-02,2.637733e+00,3.720061e-01
2.721373e-01,2.139316e-02,2.638092e+00,3.209358e-01
2.311558e-01,4.601077e-03,2.638507e+00,2.303785e-01
1.860008e-01,-1.535889e-02,2.638968e+00,1.019790e-01
1.376193e-01,-3.591656e-02,2.639455e+00,-8.553987e-02
8.656777e-02,-5.221922e-02,2.639942e+00,-2.017695e-01
3.495568e-02,-6.072013e-02,2.640404e+00,-9.791911e-02
-1.328719e-02,-6.230123e-02,2.640822e+00,1.152131e-01
-5.525948e-02,-5.977450e-02,2.641183e+00,3.456149e-01
-8.995609e-02,-5.526225e-02,2.641484e+00,5.713784e-01
-1.176043e-01,-4.992319e-02,2.641728e+00,7.524141e-01
-1.390368e-01,-4.446468e-02,2.641921e+00,9.118540e-01
-1.552912e-01,-3.915983e-02,2.642071e+00,9.987834e-01
-1.673020e-01,-3.384521e-02,2.642187e+00,7.637095e-01
-1.748472e-01,-2.759264e-02,2.642273e+00,-2.017411e+00
-1.760167e-01,-2.140584e-02,2.642272e+00,-7.810185e+00
-1.717270e-01,-1.576015e-02,2.642183e+00,-3.697455e+00
-1.640337e-01,-9.276571e-03,2.642066e+00,-2.780789e+00
-1.524205e-01,-1.741497e-03,2.641915e+00,-2.250261e+00
-1.360342e-01,7.044484e-03,2.641722e+00,-1.896718e+00
-1.138565e-01,1.716360e-02,2.641479e+00,-1.661785e+00
-8.483267e-02,2.843014e-02,2.641178e+00,-1.518506e+00
-4.826624e-02,4.032570e-02,2.640817e+00,-1.390647e+00
-4.209599e-03,5.198143e-02,2.640400e+00,-1.300892e+00
4.637854e-02,6.181900e-02,2.639939e+00,-1.233584e+00
1.015831e-01,6.716142e-02,2.639453e+00,-9.819578e-01
1.579283e-01,6.779437e-02,2.638968e+00,-6.511896e-01
2.113246e-01,6.672375e-02,2.638509e+00,-4.212152e-01
2.590168e-01,6.562813e-02,2.638094e+00,-2.756150e-01
2.996987e-01,6.452930e-02,2.637735e+00,-1.982075e-01
3.331511e-01,6.323451e-02,2.637436e+00,-1.290441e-01
3.598938e-01,6.161433e-02,2.637192e+00,-3.244664e-02
3.807938e-01,5.979784e-02,2.636998e+00,3.775344e-02
3.968275e-01,5.811052e-02,2.636846e+00,1.377121e-01
4.089662e-01,5.684419e-02,2.636728e+00,2.166305e-01
4.211576e-01,6.506898e-02,2.449583e+00,4.339332e-01
4.093907e-01,6.400008e-02,2.449708e+00,4.388233e-01
3.940332e-01,6.165823e-02,2.449870e+00,4.480930e-01
3.742539e-01,5.749540e-02,2.450078e+00,4.447319e-01
3.492650e-01,5.080373e-02,2.450342e+00,3.898464e-01
3.184810e-01,4.080088e-02,2.450670e+00,3.511589e-01
2.817067e-01,2.689179e-02,2.451064e+00,3.186267e-01
2.394551e-01,8.831554e-03,2.451523e+00,2.168332e-01
1.927949e-01,-1.261977e-02,2.452034e+00,8.444864e-02
1.427136e-01,-3.476564e-02,2.452575e+00,-8.093449e-02
8.977531e-02,-5.249484e-02,2.453116e+00,-2.049669e-01
3.619103e-02,-6.204743e-02,2.453630e+00,-9.589031e-02
-1.387929e-02,-6.433924e-02,2.454093e+00,1.391681e-01
-5.736274e-02,-6.231001e-02,2.454491e+00,3.524567e-01
-9.320366e-02,-5.816674e-02,2.454822e+00,5.649452e-01
-1.216567e-01,-5.311668e-02,2.455088e+00,7.644135e-01
-1.436158e-01,-4.789493e-02,2.455297e+00,9.188416e-01
-1.601876e-01,-4.278393e-02,2.455459e+00,9.990328e-01
-1.723665e-01,-3.761194e-02,2.455582e+00,7.208874e-01
-1.799811e-01,-3.144258e-02,2.455675e+00,-2.199834e+00
-1.812545e-01,-2.522502e-02,2.455673e+00,-7.802998e+00
-1.771320e-01,-1.939705e-02,2.455578e+00,-3.786148e+00
-1.695595e-01,-1.259487e-02,2.455454e+00,-2.965425e+00
-1.579606e-01,-4.602764e-03,2.455291e+00,-2.409055e+00
-1.414195e-01,4.794006e-03,2.455082e+00,-1.999895e+00
-1.188468e-01,1.569652e-02,2.454816e+00,-1.763185e+00
-8.910324e-02,2.791251e-02,2.454486e+00,-1.549031e+00
-5.142584e-02,4.090072e-02,2.454088e+00,-1.437236e+00
-5.844685e-03,5.373987e-02,2.453626e+00,-1.345173e+00
4.664860e-02,6.475537e-02,2.453113e+00,-1.254854e+00
1.040473e-01,7.111232e-02,2.452574e+00,-9.847385e-01
1.626711e-01,7.256567e-02,2.452035e+00,-6.399271e-01
2.181658e-01,7.224266e-02,2.451525e+00,-4.025374e-01
2.676070e-01,7.185671e-02,2.451067e+00,-2.310556e-01
3.096300e-01,7.140357e-02,2.450672e+00,-1.407836e-01
3.440313e-01,7.066538e-02,2.450345e+00,-5.035701e-02
3.713910e-01,6.950450e-02,2.450080e+00,6.429750e-02
3.926501e-01,6.806943e-02,2.449871e+00,9.715095e-02
4.088547e-01,6.671065e-02,2.449709e+00,1.358674e-01
4.210346e-01,6.572387e-02,2.449583e+00,2.323691e-01
4.321608e-01,7.618009e-02,2.269763e+00,3.830679e-01
4.204094e-01,7.479033e-02,2.269891e+00,3.894104e-01
4.049775e-01,7.203768e-02,2.270059e+00,4.207680e-01
3.849869e-01,6.733677e-02,2.270276e+00,4.009100e-01
3.595992e-01,5.993070e-02,2.270552e+00,3.676977e-01
3.281819e-01,4.898696e-02,2.270898e+00,3.188312e-01
2.905083e-01,3.387225e-02,2.271317e+00,2.763817e-01
2.470984e-01,1.432282e-02,2.271806e+00,2.123531e-01
1.990602e-01,-8.862971e-03,2.272353e+00,8.283350e-02
1.474175e-01,-3.285393e-02,2.272932e+00,-1.021218e-01
9.273787e-02,-5.227326e-02,2.273512e+00,-2.003680e-01
3.732654e-02,-6.313909e-02,2.274062e+00,-7.401353e-02
-1.443805e-02,-6.638643e-02,2.274557e+00,1.622507e-01
-5.931984e-02,-6.506976e-02,2.274981e+00,3.969634e-01
-9.621509e-02,-6.147525e-02,2.275332e+00,5.935519e-01
-1.254044e-01,-5.685897e-02,2.275612e+00,7.801881e-01
-1.478398e-01,-5.198736e-02,2.275831e+00,9.409103e-01
-1.646930e-01,-4.715747e-02,2.275999e+00,9.979879e-01
-1.770148e-01,-4.219494e-02,2.276127e+00,6.941867e-01
-1.846822e-01,-3.615936e-02,2.276221e+00,-2.230082e+00
-1.860558e-01,-2.991105e-02,2.276219e+00,-7.530017e+00
-1.821085e-01,-2.385265e-02,2.276122e+00,-3.810909e+00
-1.746710e-01,-1.667140e-02,2.275994e+00,-2.904084e+00
-1.631097e-01,-8.144806e-03,2.275825e+00,-2.329945e+00
-1.464501e-01,1.962010e-03,2.275606e+00,-2.002505e+00
-1.235351e-01,1.377382e-02,2.275326e+00,-1.745228e+00
-9.314553e-02,2.709665e-02,2.274976e+00,-1.542379e+00
-5.445451e-02,4.136937e-02,2.274552e+00,-1.416343e+00
-7.470184e-03,5.561802e-02,2.274058e+00,-1.328859e+00
4.678590e-02,6.806745e-02,2.273509e+00,-1.248400e+00
1.062217e-01,7.571736e-02,2.272931e+00,-9.777603e-01
1.669640e-01,7.827639e-02,2.272353e+00,-6.231494e-01
2.244072e-01,7.897187e-02,2.271808e+00,-3.870688e-01
2.754674e-01,7.953758e-02,2.271319e+00,-2.635599e-01
3.187252e-01,7.993693e-02,2.270901e+00,-1.775008e-01
3.539927e-01,7.992608e-02,2.270555e+00,-8.445437e-02
3.819076e-01,7.936178e-02,2.270278e+00,-2.880299e-02
4.034814e-01,7.841583e-02,2.270060e+00,4.353175e-02
4.198262e-01,7.746816e-02,2.269892e+00,1.560038e-01
4.320266e-01,7.682348e-02,2.269764e+00,1.989533e-01
4.418763e-01,8.905907e-02,2.098796e+00,4.190372e-01
4.301607e-01,8.730413e-02,2.098923e+00,3.850135e-01
4.146857e-01,8.408080e-02,2.099091e+00,3.878640e-01
3.945299e-01,7.876275e-02,2.099310e+00,4.152827e-01
3.688084e-01,7.054067e-02,2.099591e+00,3.897291e-01
3.368454e-01,5.852923e-02,2.099944e+00,3.395847e-01
2.983851e-01,4.205576e-02,2.100375e+00,2.865753e-01
2.539537e-01,2.083984e-02,2.100880e+00,1.982787e-01
2.046941e-01,-4.276802e-03,2.101447e+00,6.864265e-02
1.516609e-01,-3.032182e-02,2.102048e+00,-9.656693e-02
9.541964e-02,-5.164857e-02,2.102650e+00,-1.828378e-01
3.836013e-02,-6.404702e-02,2.103221e+00,-5.238938e-02
-1.493541e-02,-6.845695e-02,2.103733e+00,1.859692e-01
-6.107804e-02,-6.803410e-02,2.104171e+00,4.196789e-01
-9.891891e-02,-6.513804e-02,2.104530e+00,6.227169e-01
-1.287627e-01,-6.107389e-02,2.104816e+00,7.901881e-01
-1.516151e-01,-5.664291e-02,2.105039e+00,9.397793e-01
-1.687082e-01,-5.216186e-02,2.105208e+00,9.970415e-01
-1.811449e-01,-4.745936e-02,2.105336e+00,6.586426e-01
-1.888466e-01,-4.159526e-02,2.105430e+00,-2.333503e+00
-1.903160e-01,-3.531677e-02,2.105428e+00,-7.174706e+00
-1.865516e-01,-2.899378e-02,2.105332e+00,-3.824058e+00
-1.792639e-01,-2.139071e-02,2.105203e+00,-2.928674e+00
-1.677664e-01,-1.227387e-02,2.105033e+00,-2.363146e+00
-1.510303e-01,-1.383707e-03,2.104810e+00,-1.989920e+00
-1.278360e-01,1.143286e-02,2.104524e+00,-1.738566e+00
-9.688927e-02,2.598520e-02,2.104165e+00,-1.556273e+00
-5.730340e-02,4.169572e-02,2.103728e+00,-1.417777e+00
-9.064923e-03,5.753841e-02,2.103217e+00,-1.322729e+00
4.677851e-02,7.163464e-02,2.102647e+00,-1.229403e+00
1.080578e-01,8.081313e-02,2.102046e+00,-9.480177e-01
1.707210e-01,8.472161e-02,2.101447e+00,-5.879675e-01
2.299288e-01,8.666591e-02,2.100882e+00,-3.471162e-01
2.824491e-01,8.838621e-02,2.100378e+00,-2.182765e-01
3.268129e-01,8.980814e-02,2.099947e+00,-1.359974e-01
3.628476e-01,9.066191e-02,2.099594e+00,-9.393382e-02
3.912452e-01,9.080175e-02,2.099312e+00,-5.226815e-02
4.130825e-01,9.042666e-02,2.099093e+00,7.824226e-02
4.295328e-01,8.995032e-02,2.098924e+00,2.228780e-01
4.417314e-01,8.969136e-02,2.098797e+00,2.736417e-01
4.500388e-01,1.038750e-01,1.937953e+00,3.417074e-01
4.383832e-01,1.017091e-01,1.938075e+00,4.175915e-01
4.229026e-01,9.795115e-02,1.938236e+00,4.328707e-01
4.026376e-01,9.192896e-02,1.938449e+00,3.947477e-01
3.766619e-01,8.277612e-02,1.938724e+00,3.658671e-01
3.442613e-01,6.955047e-02,1.939071e+00,3.432058e-01
3.051538e-01,5.153796e-02,1.939497e+00,2.822298e-01
2.598710e-01,2.844354e-02,1.939999e+00,1.980310e-01
2.095857e-01,1.158610e-03,1.940563e+00,6.139298e-02
1.553753e-01,-2.719460e-02,1.941163e+00,-1.286322e-01
9.779617e-02,-5.069287e-02,1.941764e+00,-2.031370e-01
3.930990e-02,-6.488872e-02,1.942333e+00,-7.005924e-02
-1.531527e-02,-7.070887e-02,1.942842e+00,1.565586e-01
-6.254987e-02,-7.139424e-02,1.943276e+00,3.906997e-01
-1.012034e-01,-6.937134e-02,1.943632e+00,6.140527e-01
-1.316020e-01,-6.599520e-02,1.943913e+00,8.048690e-01
-1.547997e-01,-6.210674e-02,1.944130e+00,9.450954e-01
-1.720829e-01,-5.804905e-02,1.944294e+00,9.926794e-01
-1.846010e-01,-5.366085e-02,1.944417e+00,6.917991e-01
-1.923157e-01,-4.800771e-02,1.944507e+00,-2.043875e+00
-1.938758e-01,-4.169979e-02,1.944505e+00,-6.524153e+00
-1.903037e-01,-3.507686e-02,1.944413e+00,-3.616912e+00
-1.831842e-01,-2.700659e-02,1.944289e+00,-2.843020e+00
-1.717829e-01,-1.723858e-02,1.944124e+00,-2.389063e+00
-1.550224e-01,-5.482712e-03,1.943907e+00,-2.008560e+00
-1.316268e-01,8.448487e-03,1.943626e+00,-1.727748e+00
-1.002334e-01,2.437430e-02,1.943271e+00,-1.567068e+00
-5.990019e-02,4.170523e-02,1.942837e+00,-1.417889e+00
-1.059258e-02,5.936399e-02,1.942329e+00,-1.333874e+00
4.662068e-02,7.536441e-02,1.941761e+00,-1.243741e+00
1.095040e-01,8.635636e-02,1.941161e+00,-9.484827e-01
1.738444e-01,9.190803e-02,1.940563e+00,-5.764180e-01
2.345901e-01,9.537722e-02,1.940001e+00,-3.234508e-01
2.883752e-01,9.849330e-02,1.939500e+00,-1.915242e-01
3.336869e-01,1.011375e-01,1.939074e+00,-1.165920e-01
3.703680e-01,1.030143e-01,1.938726e+00,-6.327657e-02
3.991598e-01,1.039798e-01,1.938451e+00,1.999217e-02
4.211989e-01,1.042657e-01,1.938238e+00,1.043073e-01
4.377134e-01,1.043250e-01,1.938076e+00,2.314598e-01
4.498840e-01,1.044967e-01,1.937953e+00,2.731656e-01
4.567546e-01,1.206819e-01,1.788132e+00,3.519906e-01
4.451760e-01,1.180663e-01,1.788243e+00,3.310302e-01
4.297192e-01,1.137172e-01,1.788392e+00,3.420660e-01
4.093914e-01,1.069118e-01,1.788589e+00,3.190645e-01
3.832304e-01,9.672144e-02,1.788845e+00,3.044787e-01
3.504885e-01,8.214273e-02,1.789171e+00,2.994169e-01
3.108608e-01,6.241787e-02,1.789573e+00,2.600488e-01
2.648834e-01,3.723904e-02,1.790048e+00,1.790192e-01
2.137543e-01,7.553549e-03,1.790583e+00,4.995366e-02
1.585667e-01,-2.335769e-02,1.791152e+00,-1.284180e-01
9.986062e-02,-4.928823e-02,1.791724e+00,-2.152013e-01
4.015759e-02,-6.554394e-02,1.792264e+00,-7.612699e-02
-1.560637e-02,-7.301964e-02,1.792747e+00,1.707483e-01
-6.377397e-02,-7.502450e-02,1.793157e+00,4.100930e-01
-1.031165e-01,-7.404526e-02,1.793492e+00,6.223723e-01
-1.339789e-01,-7.148791e-02,1.793755e+00,8.053300e-01
-1.574580e-01,-6.823827e-02,1.793957e+00,9.449958e-01
-1.748883e-01,-6.467280e-02,1.794110e+00,9.957927e-01
-1.874603e-01,-6.064779e-02,1.794223e+00,6.895087e-01
-1.951715e-01,-5.524048e-02,1.794305e+00,-2.112829e+00
-1.968164e-01,-4.890414e-02,1.794303e+00,-5.833868e+00
-1.934400e-01,-4.195109e-02,1.794219e+00,-3.398052e+00
-1.864997e-01,-3.337442e-02,1.794105e+00,-2.572441e+00
-1.752187e-01,-2.290116e-02,1.793953e+00,-2.151986e+00
-1.584766e-01,-1.020451e-02,1.793750e+00,-1.887721e+00
-1.349472e-01,4.943885e-03,1.793486e+00,-1.672518e+00
-1.032064e-01,2.238033e-02,1.793152e+00,-1.501774e+00
-6.226178e-02,4.150849e-02,1.792742e+00,-1.366610e+00
-1.205825e-02,6.120094e-02,1.792260e+00,-1.272354e+00
4.631895e-02,7.936007e-02,1.791721e+00,-1.179738e+00
1.105779e-01,9.244897e-02,1.791151e+00,-8.946366e-01
1.763630e-01,9.993670e-02,1.790583e+00,-5.428885e-01
2.384308e-01,1.052051e-01,1.790049e+00,-3.095897e-01
2.932964e-01,1.099546e-01,1.789575e+00,-1.908029e-01
3.394091e-01,1.140153e-01,1.789174e+00,-1.282625e-01
3.766262e-01,1.170670e-01,1.788848e+00,-6.714100e-02
4.057339e-01,1.189723e-01,1.788591e+00,1.357759e-02
4.279220e-01,1.200015e-01,1.788393e+00,1.290700e-01
4.444673e-01,1.206533e-01,1.788244e+00,2.076909e-01
4.565906e-01,1.212935e-01,1.788133e+00,2.642151e-01
4.619834e-01,1.386815e-01,1.649826e+00,3.451943e-01
4.504973e-01,1.356023e-01,1.649922e+00,3.119803e-01
4.350923e-01,1.306375e-01,1.650052e+00,3.046929e-01
4.147476e-01,1.230100e-01,1.650225e+00,2.957366e-01
3.884709e-01,1.117256e-01,1.650452e+00,2.777864e-01
3.554862e-01,9.571663e-02,1.650742e+00,2.505247e-01
3.154691e-01,7.417967e-02,1.651101e+00,2.239674e-01
2.689598e-01,4.679544e-02,1.651527e+00,1.728810e-01
2.171762e-01,1.457116e-02,1.652008e+00,3.978002e-02
1.612199e-01,-1.904887e-02,1.652520e+00,-1.579221e-01
1.016073e-01,-4.757383e-02,1.653035e+00,-2.600649e-01
4.090661e-02,-6.605890e-02,1.653521e+00,-1.319884e-01
-1.579743e-02,-7.535188e-02,1.653955e+00,1.297028e-01
-6.473306e-02,-7.881522e-02,1.654323e+00,3.991087e-01
-1.046370e-01,-7.898965e-02,1.654621e+00,6.138486e-01
-1.358699e-01,-7.733263e-02,1.654855e+00,7.992195e-01
-1.595657e-01,-7.477875e-02,1.655034e+00,9.420071e-01
-1.771003e-01,-7.174341e-02,1.655168e+00,1.001022e+00
-1.896996e-01,-6.810646e-02,1.655266e+00,7.244272e-01
-1.973917e-01,-6.296175e-02,1.655337e+00,-1.866514e+00
-1.991155e-01,-5.659852e-02,1.655336e+00,-5.082905e+00
-1.959364e-01,-4.930399e-02,1.655263e+00,-3.119553e+00
-1.891848e-01,-4.020631e-02,1.655164e+00,-2.517879e+00
-1.780471e-01,-2.900549e-02,1.655030e+00,-2.089479e+00
-1.613657e-01,-1.533340e-02,1.654851e+00,-1.786708e+00
-1.377712e-01,1.084121e-03,1.654616e+00,-1.534466e+00
-1.057850e-01,2.010636e-02,1.654318e+00,-1.396132e+00
-6.436976e-02,4.113475e-02,1.653951e+00,-1.328846e+00
-1.345060e-02,6.299381e-02,1.653518e+00,-1.250126e+00
4.587570e-02,8.347308e-02,1.653033e+00,-1.160376e+00
1.112719e-01,9.884519e-02,1.652519e+00,-8.494466e-01
1.782585e-01,1.084653e-01,1.652008e+00,-4.892906e-01
2.414236e-01,1.157154e-01,1.651529e+00,-2.676074e-01
2.971784e-01,1.222526e-01,1.651103e+00,-1.396232e-01
3.439402e-01,1.278519e-01,1.650745e+00,-7.481958e-02
3.815802e-01,1.321691e-01,1.650454e+00,-9.499498e-03
4.109244e-01,1.350783e-01,1.650227e+00,6.440759e-02
4.332089e-01,1.368930e-01,1.650053e+00,1.494668e-01
4.497528e-01,1.381621e-01,1.649923e+00,2.334688e-01
4.618108e-01,1.392836e-01,1.649827e+00,2.687419e-01
4.649277e-01,1.588008e-01,1.523461e+00,1.736734e-01
4.535666e-01,1.552231e-01,1.523535e+00,2.084795e-01
4.382654e-01,1.495884e-01,1.523637e+00,2.287747e-01
4.179827e-01,1.410594e-01,1.523773e+00,2.056627e-01
3.917038e-01,1.285698e-01,1.523952e+00,1.845135e-01
3.586322e-01,1.109819e-01,1.524182e+00,1.662905e-01
3.184290e-01,8.744299e-02,1.524468e+00,1.209120e-01
2.716375e-01,5.762407e-02,1.524808e+00,5.162237e-02
2.194879e-01,2.259933e-02,1.525193e+00,-4.320741e-02
1.630777e-01,-1.401264e-02,1.525604e+00,-2.079094e-01
1.028858e-01,-4.542734e-02,1.526016e+00,-2.875845e-01
4.150774e-02,-6.643712e-02,1.526406e+00,-1.315443e-01
-1.584787e-02,-7.782091e-02,1.526753e+00,1.318311e-01
-6.531119e-02,-8.297562e-02,1.527046e+00,3.782957e-01
-1.055885e-01,-8.448891e-02,1.527284e+00,5.977571e-01
-1.370523e-01,-8.387156e-02,1.527470e+00,7.862156e-01
-1.608654e-01,-8.211356e-02,1.527610e+00,9.330883e-01
-1.784361e-01,-7.967768e-02,1.527715e+00,1.004596e+00
-1.910176e-01,-7.647612e-02,1.527792e+00,7.963710e-01
-1.986624e-01,-7.162645e-02,1.527847e+00,-1.464222e+00
-2.004592e-01,-6.523756e-02,1.527846e+00,-4.064523e+00
-1.974917e-01,-5.757426e-02,1.527790e+00,-2.702773e+00
-1.909564e-01,-4.791853e-02,1.527712e+00,-2.244564e+00
-1.800100e-01,-3.593658e-02,1.527607e+00,-1.887216e+00
-1.634662e-01,-2.121157e-02,1.527466e+00,-1.638695e+00
-1.399213e-01,-3.415660e-03,1.527280e+00,-1.461148e+00
-1.078518e-01,1.734201e-02,1.527043e+00,-1.320829e+00
-6.618153e-02,4.046677e-02,1.526750e+00,-1.183030e+00
-1.481629e-02,6.473644e-02,1.526403e+00,-1.109761e+00
4.514350e-02,8.782272e-02,1.526014e+00,-1.055152e+00
1.113313e-01,1.057976e-01,1.525603e+00,-8.080919e-01
1.791699e-01,1.178791e-01,1.525193e+00,-4.769607e-01
2.431080e-01,1.274174e-01,1.524809e+00,-2.753458e-01
2.994730e-01,1.360057e-01,1.524469e+00,-1.747386e-01
3.466594e-01,1.433557e-01,1.524184e+00,-7.103316e-02
3.845514e-01,1.491011e-01,1.523954e+00,-1.847997e-02
4.140082e-01,1.531333e-01,1.523774e+00,5.375494e-02
4.363036e-01,1.558165e-01,1.523638e+00,1.519215e-01
4.527896e-01,1.577574e-01,1.523536e+00,1.785859e-01
4.647475e-01,1.593940e-01,1.523461e+00,7.679794e-02
4.655119e-01,1.809757e-01,1.409031e+00,1.388493e-01
4.543084e-01,1.768706e-01,1.409076e+00,8.808632e-02
4.391637e-01,1.705194e-01,1.409139e+00,8.059364e-02
4.190236e-01,1.610181e-01,1.409223e+00,6.760524e-02
3.928598e-01,1.472225e-01,1.409334e+00,5.141466e-02
3.598631e-01,1.279186e-01,1.409478e+00,3.033449e-02
3.196855e-01,1.022013e-01,1.409657e+00,3.906395e-02
2.728725e-01,6.973279e-02,1.409871e+00,-7.252198e-03
2.206589e-01,3.166127e-02,1.410113e+00,-1.191357e-01
1.641244e-01,-8.209999e-03,1.410372e+00,-2.936276e-01
1.036955e-01,-4.279399e-02,1.410632e+00,-3.719300e-01
4.197399e-02,-6.660847e-02,1.410878e+00,-1.986167e-01
-1.573298e-02,-8.034225e-02,1.411096e+00,8.490455e-02
-6.547447e-02,-8.740816e-02,1.411281e+00,3.611051e-01
-1.059306e-01,-9.043397e-02,1.411430e+00,5.810529e-01
-1.374811e-01,-9.098573e-02,1.411545e+00,7.680038e-01
-1.613093e-01,-9.011534e-02,1.411633e+00,9.131280e-01
-1.788466e-01,-8.834131e-02,1.411698e+00,1.006171e+00
-1.913649e-01,-8.561677e-02,1.411745e+00,8.728568e-01
-1.989342e-01,-8.109003e-02,1.411779e+00,-1.012253e+00
-2.007982e-01,-7.467683e-02,1.411778e+00,-3.072233e+00
-1.980566e-01,-6.662208e-02,1.411744e+00,-2.121851e+00
-1.917659e-01,-5.637694e-02,1.411696e+00,-1.841738e+00
-1.810604e-01,-4.356714e-02,1.411631e+00,-1.579839e+00
-1.647339e-01,-2.771996e-02,1.411543e+00,-1.378982e+00
-1.413579e-01,-8.446101e-03,1.411427e+00,-1.253412e+00
-1.093738e-01,1.418540e-02,1.411279e+00,-1.155713e+00
-6.767348e-02,3.958994e-02,1.411094e+00,-1.107174e+00
-1.614359e-02,6.650012e-02,1.410876e+00,-1.064604e+00
4.412021e-02,9.246513e-02,1.410631e+00,-9.824651e-01
1.107394e-01,1.133465e-01,1.410372e+00,-7.233549e-01
1.790658e-01,1.282025e-01,1.410114e+00,-4.033450e-01
2.434392e-01,1.403199e-01,1.409872e+00,-1.925940e-01
3.001249e-01,1.512077e-01,1.409658e+00,-1.007591e-01
3.475029e-01,1.605074e-01,1.409479e+00,-5.907111e-02
3.854702e-01,1.678315e-01,1.409335e+00,-8.552508e-03
4.149124e-01,1.730955e-01,1.409224e+00,5.283745e-02
4.371311e-01,1.767214e-01,1.409139e+00,1.267924e-01
4.535022e-01,1.793811e-01,1.409077e+00,1.960511e-01
4.653248e-01,1.815607e-01,1.409031e+00,1.946711e-01
4.646971e-01,2.027895e-01,1.305874e+00,-1.468834e-01
4.536592e-01,1.981840e-01,1.305889e+00,-1.731559e-01
4.386905e-01,1.911457e-01,1.305909e+00,-1.599052e-01
4.187290e-01,1.807045e-01,1.305937e+00,-1.963497e-01
3.927390e-01,1.656378e-01,1.305974e+00,-2.101097e-01
3.599042e-01,1.446563e-01,1.306021e+00,-2.437323e-01
3.198709e-01,1.168020e-01,1.306081e+00,-2.880727e-01
2.731871e-01,8.172894e-02,1.306152e+00,-2.708508e-01
2.210868e-01,4.065856e-02,1.306233e+00,-2.826308e-01
1.646247e-01,-2.424931e-03,1.306319e+00,-3.609638e-01
1.041675e-01,-4.014185e-02,1.306406e+00,-3.797727e-01
4.230999e-02,-6.674241e-02,1.306488e+00,-1.860802e-01
-1.556122e-02,-8.281905e-02,1.306561e+00,8.516127e-02
-6.542719e-02,-9.179092e-02,1.306622e+00,3.324120e-01
-1.059452e-01,-9.632110e-02,1.306672e+00,5.519552e-01
-1.374992e-01,-9.802976e-02,1.306710e+00,7.486555e-01
-1.612868e-01,-9.803136e-02,1.306739e+00,9.085392e-01
-1.787558e-01,-9.690193e-02,1.306760e+00,1.011873e+00
-1.911911e-01,-9.463786e-02,1.306776e+00,9.384071e-01
-1.986750e-01,-9.042057e-02,1.306787e+00,-4.306009e-01
-2.006001e-01,-8.398517e-02,1.306786e+00,-1.729975e+00
-1.980805e-01,-7.555858e-02,1.306775e+00,-1.213958e+00
-1.920370e-01,-6.475089e-02,1.306760e+00,-1.078538e+00
-1.815879e-01,-5.114606e-02,1.306738e+00,-9.937264e-01
-1.655124e-01,-3.421441e-02,1.306709e+00,-9.504667e-01
-1.423643e-01,-1.350402e-02,1.306671e+00,-9.343479e-01
-1.105575e-01,1.095887e-02,1.306621e+00,-9.197979e-01
-6.895702e-02,3.860275e-02,1.306560e+00,-8.997703e-01
-1.743154e-02,6.811831e-02,1.306487e+00,-8.786727e-01
4.293297e-02,9.693591e-02,1.306406e+00,-8.235477e-01
1.097569e-01,1.207117e-01,1.306319e+00,-5.961874e-01
1.783403e-01,1.383405e-01,1.306233e+00,-3.453254e-01
2.429368e-01,1.530333e-01,1.306152e+00,-2.231022e-01
2.997642e-01,1.662087e-01,1.306081e+00,-1.512381e-01
3.471944e-01,1.774384e-01,1.306022e+00,-1.008921e-01
3.851356e-01,1.863164e-01,1.305974e+00,-6.622750e-02
4.144947e-01,1.927843e-01,1.305937e+00,1.021798e-02
4.365942e-01,1.973236e-01,1.305909e+00,5.646940e-02
4.528267e-01,2.006727e-01,1.305889e+00,1.145847e-01
4.645038e-01,2.033669e-01,1.305874e+00,1.986109e-01
